,Player,Team,Age,Position,Apps,Starts,Mins,Goals,Assists,MotM,Rating,Season,Competition
0,Kyle Lafferty,Kilmarnock,34,"AM(LR),FW",4,3,311,3,2,2,7.99,2020-21,SCO Premiership
1,James Tavernier,Rangers,30,D(R),33,33,2917,12,9,7,7.69,2020-21,SCO Premiership
2,Christopher Jullien,Celtic,28,D(C),9,9,771,1,1,0,7.46,2020-21,SCO Premiership
3,Ryan Kent,Rangers,25,AM(CLR),37,36,3035,10,9,5,7.43,2020-21,SCO Premiership
4,Joe Aribo,Rangers,25,"M(CLR),FW",31,27,2276,7,4,1,7.37,2020-21,SCO Premiership
5,Borna Barisic,Rangers,29,D(L),33,33,2837,1,6,4,7.34,2020-21,SCO Premiership
6,Connor Goldson,Rangers,29,D(C),38,38,3420,4,2,2,7.34,2020-21,SCO Premiership
7,Odsonne Édouard,Celtic,23,"AM(L),FW",31,28,2340,18,4,4,7.33,2020-21,SCO Premiership
8,Anthony Ralston,Celtic,23,D(R),1,1,90,0,0,0,7.32,2020-21,SCO Premiership
9,Shane Duffy,Celtic,30,D(C),18,14,1337,3,1,4,7.31,2020-21,SCO Premiership
0,Ryan Christie,Celtic,26,"AM(CLR),FW",34,26,2363,5,9,6,7.28,2020-21,SCO Premiership
1,David Turnbull,Motherwell,22,AM(C),5,5,431,1,0,1,7.25,2020-21,SCO Premiership
2,David Turnbull,Celtic,22,AM(C),31,25,2069,8,6,2,7.24,2020-21,SCO Premiership
3,Kristoffer Ajer,Celtic,23,"D(CR),DMC",35,34,3043,2,3,2,7.23,2020-21,SCO Premiership
4,Hakeem Odoffin,Hamilton Academical,23,"D(C),DMC",32,32,2860,3,0,4,7.19,2020-21,SCO Premiership
5,Lyndon Dykes,Livingston,26,FW,3,3,270,2,0,0,7.18,2020-21,SCO Premiership
6,Alfredo Morelos,Rangers,25,FW,29,26,2088,12,4,4,7.18,2020-21,SCO Premiership
7,Paul Hanlon,Hibernian,31,D(C),37,36,3192,1,1,1,7.17,2020-21,SCO Premiership
8,Kemar Roofe,Rangers,29,"AM(CLR),FW",24,18,1566,14,3,3,7.16,2020-21,SCO Premiership
9,Ash Taylor,Aberdeen,31,D(C),31,30,2481,1,0,6,7.15,2020-21,SCO Premiership
0,Darren McGregor,Hibernian,36,D(C),10,8,706,1,0,1,7.14,2020-21,SCO Premiership
1,Jon Guthrie,Livingston,29,D(C),36,36,3240,5,2,7,7.12,2020-21,SCO Premiership
2,Jordan White,Ross County,29,FW,7,6,568,2,2,1,7.11,2020-21,SCO Premiership
3,Scott McKenna,Aberdeen,25,D(C),4,4,316,0,0,0,7.11,2020-21,SCO Premiership
4,Filip Helander,Rangers,28,D(C),22,21,1850,1,0,1,7.10,2020-21,SCO Premiership
5,Marley Watkins,Aberdeen,31,"AM(LR),FW",9,9,732,2,1,0,7.10,2020-21,SCO Premiership
6,Lewis Ferguson,Aberdeen,22,M(C),35,35,3111,9,2,3,7.08,2020-21,SCO Premiership
7,Joe Newell,Hibernian,28,M(CL),32,32,2677,1,3,5,7.07,2020-21,SCO Premiership
8,Leon Balogun,Rangers,33,D(CR),19,15,1340,0,2,0,7.06,2020-21,SCO Premiership
9,Ryan Edwards,Dundee United,28,D(C),21,21,1832,2,0,1,7.04,2020-21,SCO Premiership
0,Ryan Jack,Rangers,29,DMC,19,16,1227,2,1,1,7.03,2020-21,SCO Premiership
1,Benjamin Siegrist,Dundee United,29,GK,31,31,2790,0,0,3,7.02,2020-21,SCO Premiership
2,Callum McGregor,Celtic,28,M(CR),37,37,3244,3,7,1,7.02,2020-21,SCO Premiership
3,Steven Davis,Rangers,37,M(CLR),35,29,2590,0,2,1,7.02,2020-21,SCO Premiership
4,Paul McGinn,Hibernian,31,D(CR),38,37,3343,3,2,2,7.01,2020-21,SCO Premiership
5,Christian Doidge,Hibernian,29,FW,36,29,2703,7,2,3,7.00,2020-21,SCO Premiership
6,Stephen Welsh,Celtic,21,D(C),16,15,1367,1,0,1,7.00,2020-21,SCO Premiership
7,Sean Mackie,Hibernian,23,D(CLR),2,2,180,0,0,0,7.00,2020-21,SCO Premiership
8,Ross McCrorie,Aberdeen,23,"D(CR),DMC",29,28,2462,1,0,3,6.99,2020-21,SCO Premiership
9,Jake Doyle-Hayes,St. Mirren,23,DMC,19,18,1604,1,0,2,6.99,2020-21,SCO Premiership
0,Jamie McGrath,St. Mirren,25,"AM(CL),FW",30,30,2451,7,1,3,6.98,2020-21,SCO Premiership
1,Jason Kerr,St. Johnstone,24,D(C),31,31,2712,1,0,4,6.98,2020-21,SCO Premiership
2,Tommie Hoban,Aberdeen,27,D(CL),37,35,3062,2,0,4,6.98,2020-21,SCO Premiership
3,Jonjoe Kenny,Celtic,24,"D(LR),M(R)",14,14,1260,0,2,0,6.97,2020-21,SCO Premiership
4,Matt Macey,Hibernian,27,GK,3,3,270,0,0,0,6.97,2020-21,SCO Premiership
5,Ryan Porteous,Hibernian,22,D(C),34,32,2945,1,0,1,6.97,2020-21,SCO Premiership
6,Nir Bitton,Celtic,30,"D(C),DMC",14,12,1063,1,0,0,6.95,2020-21,SCO Premiership
7,Kevin Nisbet,Hibernian,24,FW,33,28,2567,14,2,3,6.94,2020-21,SCO Premiership
8,Conor Hazard,Celtic,23,GK,5,5,450,0,0,0,6.93,2020-21,SCO Premiership
9,Gary Woods,Aberdeen,31,GK,3,3,270,0,0,0,6.93,2020-21,SCO Premiership
0,Greg Taylor,Celtic,24,"D(L),M(L)",26,23,1973,0,5,0,6.93,2020-21,SCO Premiership
1,Conor McCarthy,St. Mirren,23,D(C),32,32,2880,0,1,1,6.92,2020-21,SCO Premiership
2,Martin Boyle,Hibernian,28,"AM(R),FW",36,35,3152,12,6,3,6.92,2020-21,SCO Premiership
3,Liam Gordon,St. Johnstone,25,D(C),36,35,3156,1,1,0,6.91,2020-21,SCO Premiership
4,Calvin Bassey,Rangers,22,D(CL),8,3,393,0,0,0,6.91,2020-21,SCO Premiership
5,Ianis Hagi,Rangers,23,AM(CLR),33,23,1970,7,11,2,6.91,2020-21,SCO Premiership
6,Glen Kamara,Rangers,26,M(C),33,28,2587,1,1,1,6.90,2020-21,SCO Premiership
7,Jon McLaughlin,Rangers,34,GK,11,11,990,0,0,0,6.90,2020-21,SCO Premiership
8,Hatem Elhamed,Celtic,30,D(CR),8,4,409,0,2,0,6.90,2020-21,SCO Premiership
9,David Wotherspoon,St. Johnstone,31,AM(C),37,28,2501,3,4,2,6.89,2020-21,SCO Premiership
0,Jamie McCart,St. Johnstone,24,D(C),37,37,3330,0,0,0,6.89,2020-21,SCO Premiership
1,James Forrest,Celtic,30,M(LR),13,8,735,3,1,1,6.89,2020-21,SCO Premiership
2,Devante Cole,Motherwell,26,"AM(CLR),FW",22,19,1575,8,3,2,6.89,2020-21,SCO Premiership
3,Tony Watt,Motherwell,28,"AM(L),FW",32,28,2309,3,5,4,6.88,2020-21,SCO Premiership
4,Liam Donnelly,Motherwell,25,DMC,1,1,90,0,0,0,6.87,2020-21,SCO Premiership
5,Ross Stewart,Ross County,25,"AM(L),FW",19,19,1650,2,1,2,6.87,2020-21,SCO Premiership
6,Mohamed Elyounoussi,Celtic,27,"AM(CLR),FW",34,21,1781,10,4,4,6.86,2020-21,SCO Premiership
7,Jackson Irvine,Hibernian,28,M(CL),15,14,1200,0,3,0,6.86,2020-21,SCO Premiership
8,Jeremie Frimpong,Celtic,21,"D(R),M(R)",22,19,1675,1,2,0,6.86,2020-21,SCO Premiership
9,Ryan Hedges,Aberdeen,26,"M(CLR),FW",28,25,2083,5,3,1,6.86,2020-21,SCO Premiership
0,Liam Smith,Dundee United,25,"D(CR),M(R)",25,23,2110,1,2,1,6.85,2020-21,SCO Premiership
1,Allan McGregor,Rangers,39,GK,27,27,2430,0,0,1,6.85,2020-21,SCO Premiership
2,Scott McMann,Hamilton Academical,25,"D(CL),M(L)",31,31,2776,0,4,1,6.85,2020-21,SCO Premiership
3,Declan Gallagher,Motherwell,30,D(C),26,24,2184,1,1,0,6.84,2020-21,SCO Premiership
4,Mark Connolly,Dundee United,30,D(C),23,21,1961,0,0,1,6.84,2020-21,SCO Premiership
5,Zdenek Zlamal,St. Johnstone,36,GK,2,2,180,0,0,0,6.82,2020-21,SCO Premiership
6,Diego Laxalt,Celtic,28,"D(L),M(CL)",17,13,1231,1,0,0,6.82,2020-21,SCO Premiership
7,Joe Shaughnessy,St. Mirren,29,D(C),30,30,2628,1,1,2,6.82,2020-21,SCO Premiership
8,Jonny Hayes,Aberdeen,34,"D(L),M(LR)",34,34,2881,2,3,0,6.82,2020-21,SCO Premiership
9,Andrew Considine,Aberdeen,34,D(C),36,36,3236,1,1,1,6.82,2020-21,SCO Premiership
0,Jordan Jones,Rangers,27,AM(CLR),3,2,152,1,0,0,6.82,2020-21,SCO Premiership
1,Scott Tanser,St. Johnstone,27,"D(L),M(L)",30,23,2058,2,0,0,6.82,2020-21,SCO Premiership
2,Scott Brown,Celtic,36,DMC,31,25,2133,1,2,1,6.82,2020-21,SCO Premiership
3,Kyle Gourlay,Hamilton Academical,23,GK,6,5,477,0,0,0,6.82,2020-21,SCO Premiership
4,Ricki Lamie,Motherwell,28,D(CL),26,22,1994,0,0,0,6.81,2020-21,SCO Premiership
5,Alexandros Gogic,Hibernian,27,"D(C),DMC",34,30,2657,1,0,1,6.80,2020-21,SCO Premiership
6,Shaun Want,Hamilton Academical,24,D(C),11,11,907,0,0,1,6.79,2020-21,SCO Premiership
7,Alan Power,Kilmarnock,33,DMC,27,27,2394,1,2,2,6.78,2020-21,SCO Premiership
8,Nicky Devlin,Livingston,28,"D(R),M(R)",36,35,3130,2,2,1,6.77,2020-21,SCO Premiership
9,Ismaila Soro,Celtic,23,DMC,19,11,1029,1,1,1,6.77,2020-21,SCO Premiership
0,Adrián Spörle,Dundee United,26,"D(L),M(L)",20,12,1037,4,2,1,6.77,2020-21,SCO Premiership
1,Chris Burke,Kilmarnock,38,AM(R),32,24,2138,8,3,2,6.76,2020-21,SCO Premiership
2,Zdenek Zlamal,St. Mirren,36,GK,3,3,270,0,0,0,6.76,2020-21,SCO Premiership
3,Kirk Broadfoot,Kilmarnock,37,D(CR),26,26,2296,0,0,0,6.74,2020-21,SCO Premiership
4,Ofir Marciano,Hibernian,32,GK,32,32,2847,0,0,2,6.74,2020-21,SCO Premiership
5,Alistair McCann,St. Johnstone,22,AM(C),34,32,2901,2,2,0,6.74,2020-21,SCO Premiership
6,Julien Serrano,Livingston,23,"D(L),M(L)",24,19,1805,1,3,0,6.74,2020-21,SCO Premiership
7,Jamie Murphy,Hibernian,32,"AM(CL),FW",19,14,1223,1,1,0,6.74,2020-21,SCO Premiership
8,David Gray,Hibernian,33,D(CLR),2,1,87,0,0,0,6.74,2020-21,SCO Premiership
9,Liam Craig,St. Johnstone,35,DMC,23,18,1621,3,3,2,6.73,2020-21,SCO Premiership
0,Daryl Horgan,Hibernian,29,AM(CLR),5,4,279,0,2,0,6.73,2020-21,SCO Premiership
1,Bevis Mugabi,Motherwell,26,D(CR),21,21,1845,2,0,1,6.72,2020-21,SCO Premiership
2,Stuart Findlay,Kilmarnock,26,D(C),22,21,1752,0,0,0,6.72,2020-21,SCO Premiership
3,Mark Reynolds,Dundee United,34,D(C),31,31,2740,1,0,1,6.71,2020-21,SCO Premiership
4,Ross Callachan,Hamilton Academical,28,M(C),29,28,2494,8,3,2,6.71,2020-21,SCO Premiership
5,Jay Emmanuel-Thomas,Livingston,31,"AM(C),FW",24,14,1412,5,0,3,6.71,2020-21,SCO Premiership
6,Allan Campbell,Motherwell,23,AM(C),30,30,2680,4,0,1,6.71,2020-21,SCO Premiership
7,Lawrence Shankland,Dundee United,26,FW,28,26,2386,7,3,1,6.71,2020-21,SCO Premiership
8,Gary Dicker,Kilmarnock,35,DMC,21,21,1780,0,0,0,6.71,2020-21,SCO Premiership
9,Jamie Robson,Dundee United,24,"D(L),M(L)",31,30,2602,0,2,0,6.71,2020-21,SCO Premiership
0,Dean Lyness,St. Mirren,30,GK,2,1,142,0,0,0,6.71,2020-21,SCO Premiership
1,Jordan Roberts,Motherwell,28,"AM(CLR),FW",6,4,400,1,1,1,6.70,2020-21,SCO Premiership
2,Shaun Rooney,St. Johnstone,25,"D(CR),M(R)",27,20,1853,2,1,2,6.70,2020-21,SCO Premiership
3,Robbie Crawford,Motherwell,27,M(C),18,16,1364,0,0,0,6.70,2020-21,SCO Premiership
4,Aaron Martin,Hamilton Academical,32,D(C),19,19,1620,0,0,0,6.70,2020-21,SCO Premiership
5,Aaron McGowan,Kilmarnock,25,"D(R),M(R)",17,14,1304,0,0,0,6.69,2020-21,SCO Premiership
6,Keith Watson,Ross County,32,D(CR),19,14,1463,0,0,0,6.69,2020-21,SCO Premiership
7,Marcus Fraser,St. Mirren,27,D(CR),33,33,2910,1,0,1,6.69,2020-21,SCO Premiership
8,Ryan Fulton,Hamilton Academical,25,GK,28,28,2493,0,0,0,6.69,2020-21,SCO Premiership
9,Richard Tait,St. Mirren,32,"D(LR),M(LR)",30,28,2382,1,1,1,6.69,2020-21,SCO Premiership
0,Mark O'Hara,Motherwell,26,"D(C),DMC",23,21,1850,4,0,1,6.68,2020-21,SCO Premiership
1,Murray Davidson,St. Johnstone,33,M(C),21,14,1165,1,0,0,6.68,2020-21,SCO Premiership
2,Ciaron Brown,Livingston,23,"D(CL),M(L)",16,13,1116,1,1,0,6.68,2020-21,SCO Premiership
3,Jeando Fuchs,Dundee United,24,DMC,15,14,1170,0,0,0,6.68,2020-21,SCO Premiership
4,Dan McNamara,St. Johnstone,23,"D(R),M(R)",22,22,1913,1,0,2,6.67,2020-21,SCO Premiership
5,Scott Wright,Aberdeen,24,AM(CLR),17,14,1133,2,1,1,6.67,2020-21,SCO Premiership
6,Ethan Erhahon,St. Mirren,20,DMC,28,25,2147,2,0,1,6.67,2020-21,SCO Premiership
7,Albian Ajeti,Celtic,24,FW,20,10,869,6,1,0,6.66,2020-21,SCO Premiership
8,Ilkay Durmus,St. Mirren,27,M(L),27,20,1735,2,2,1,6.66,2020-21,SCO Premiership
9,Matthew Kennedy,Aberdeen,27,M(CLR),31,22,2100,1,2,0,6.66,2020-21,SCO Premiership
0,Nathan Patterson,Rangers,20,"D(R),M(R)",7,3,356,0,0,0,6.65,2020-21,SCO Premiership
1,Calum Butcher,Dundee United,30,"D(C),DMC",25,25,2161,0,0,0,6.65,2020-21,SCO Premiership
2,Jermain Defoe,Rangers,39,"AM(R),FW",15,3,422,4,1,0,6.65,2020-21,SCO Premiership
3,Leigh Griffiths,Celtic,31,FW,22,7,749,6,2,0,6.64,2020-21,SCO Premiership
4,Alex Iacovitti,Ross County,24,D(CL),32,30,2664,0,0,0,6.64,2020-21,SCO Premiership
5,Jack Fitzwater,Livingston,24,D(C),20,20,1727,1,1,1,6.64,2020-21,SCO Premiership
6,Jake Carroll,Motherwell,30,"D(CL),M(L)",15,14,1201,0,1,0,6.63,2020-21,SCO Premiership
7,Charlie Lakin,Ross County,22,M(CL),16,14,1162,2,1,0,6.63,2020-21,SCO Premiership
8,Greg Kiltie,Kilmarnock,24,"AM(CLR),FW",25,20,1739,5,2,2,6.63,2020-21,SCO Premiership
9,Max Stryjek,Livingston,25,GK,22,22,1980,0,0,0,6.63,2020-21,SCO Premiership
0,Alan Forrest,Livingston,25,M(CLR),30,21,1840,4,1,1,6.63,2020-21,SCO Premiership
1,Callum Morris,Ross County,31,D(C),12,12,1032,0,0,0,6.62,2020-21,SCO Premiership
2,Nathan McGinley,Motherwell,25,"D(CL),M(L)",14,7,731,0,1,0,6.62,2020-21,SCO Premiership
3,Jak Alnwick,St. Mirren,28,GK,29,29,2556,0,0,1,6.62,2020-21,SCO Premiership
4,Jason Holt,Livingston,28,M(C),30,27,2396,1,4,0,6.62,2020-21,SCO Premiership
5,Barry Maguire,Motherwell,23,DMC,21,14,1268,1,1,0,6.62,2020-21,SCO Premiership
6,Tomas Rogic,Celtic,29,AM(C),23,10,1035,1,4,1,6.61,2020-21,SCO Premiership
7,Bruce Anderson,Hamilton Academical,23,FW,8,8,671,2,1,0,6.61,2020-21,SCO Premiership
8,Stephen O'Donnell,Motherwell,29,"D(LR),M(R)",29,29,2494,0,2,0,6.61,2020-21,SCO Premiership
9,David Templeton,Hamilton Academical,33,AM(CL),8,7,516,1,2,1,6.61,2020-21,SCO Premiership
0,Josh Mullin,Livingston,29,AM(R),22,16,1387,2,3,1,6.61,2020-21,SCO Premiership
1,Scott Bain,Celtic,30,GK,18,18,1620,0,0,0,6.61,2020-21,SCO Premiership
2,Calum Waters,Kilmarnock,25,D(L),17,17,1483,0,1,0,6.60,2020-21,SCO Premiership
3,Nicke Kabamba,Kilmarnock,28,FW,32,21,2028,5,2,3,6.60,2020-21,SCO Premiership
4,David Moyo,Hamilton Academical,27,FW,30,21,1858,2,2,0,6.60,2020-21,SCO Premiership
5,Greg Leigh,Aberdeen,27,"D(L),M(L)",8,6,452,0,0,0,6.60,2020-21,SCO Premiership
6,Scott Arfield,Rangers,33,M(CLR),28,11,1211,4,5,1,6.60,2020-21,SCO Premiership
7,Christopher Kane,St. Johnstone,27,FW,28,17,1569,4,1,1,6.59,2020-21,SCO Premiership
8,Nicky Clark,Dundee United,30,"AM(C),FW",29,23,1904,8,1,2,6.59,2020-21,SCO Premiership
9,Sam Cosgrove,Aberdeen,25,FW,14,9,856,3,0,0,6.59,2020-21,SCO Premiership
0,Tom Grivosti,Ross County,22,D(CLR),5,3,302,1,0,0,6.58,2020-21,SCO Premiership
1,Coll Donaldson,Ross County,26,D(C),25,23,2022,1,0,0,6.58,2020-21,SCO Premiership
2,Scott Martin,Hamilton Academical,24,M(C),24,21,1875,1,0,0,6.58,2020-21,SCO Premiership
3,Ross Laidlaw,Ross County,29,GK,28,28,2520,0,0,1,6.58,2020-21,SCO Premiership
4,Sam Foley,St. Mirren,35,"D(C),DMC",11,10,860,0,0,0,6.57,2020-21,SCO Premiership
5,Scott Pittman,Livingston,29,M(C),38,37,3322,6,2,1,6.56,2020-21,SCO Premiership
6,Josh Doig,Hibernian,19,"D(CL),M(L)",28,25,2012,1,3,0,6.56,2020-21,SCO Premiership
7,Stephen Kelly,Ross County,21,M(C),21,13,1257,0,2,1,6.55,2020-21,SCO Premiership
8,Craig Conway,St. Johnstone,36,AM(CLR),28,19,1622,3,2,1,6.55,2020-21,SCO Premiership
9,Liam Polworth,Motherwell,27,AM(C),21,18,1538,0,3,0,6.55,2020-21,SCO Premiership
0,Ian Harkes,Dundee United,26,M(C),30,26,2375,1,2,0,6.55,2020-21,SCO Premiership
1,Marios Ogkmpoe,Hamilton Academical,27,FW,20,15,1290,3,1,0,6.55,2020-21,SCO Premiership
2,Luke Bolton,Dundee United,22,"D(R),M(R)",23,17,1533,1,3,0,6.55,2020-21,SCO Premiership
3,Jaze Kabia,Livingston,21,FW,8,1,260,1,1,0,6.55,2020-21,SCO Premiership
4,Aaron Tshibola,Kilmarnock,27,DMC,28,26,2221,3,1,0,6.54,2020-21,SCO Premiership
5,Jason Naismith,Ross County,27,"D(R),M(R)",12,12,1080,0,2,0,6.54,2020-21,SCO Premiership
6,Zeno Rossi,Kilmarnock,21,D(C),10,7,677,0,0,0,6.53,2020-21,SCO Premiership
7,Leo Hjelde,Ross County,18,D(CL),8,7,698,1,0,0,6.53,2020-21,SCO Premiership
8,Aaron Taylor-Sinclair,Livingston,30,D(CLR),6,5,432,0,0,0,6.53,2020-21,SCO Premiership
9,Steve Lawson,Livingston,27,M(CLR),15,7,699,0,0,1,6.52,2020-21,SCO Premiership
0,Brandon Barker,Rangers,25,AM(LR),10,4,359,2,0,0,6.52,2020-21,SCO Premiership
1,Efe Ambrose,Livingston,33,D(CR),22,17,1570,0,0,0,6.52,2020-21,SCO Premiership
2,Tyler Magloire,Motherwell,23,D(CR),7,5,508,0,0,0,6.52,2020-21,SCO Premiership
3,Adam Montgomery,Celtic,19,"D(L),M(L)",2,1,72,0,0,0,6.52,2020-21,SCO Premiership
4,Vasilios Barkas,Celtic,27,GK,15,15,1350,0,0,0,6.51,2020-21,SCO Premiership
5,Charlie Trafford,Hamilton Academical,29,M(C),16,9,807,0,0,0,6.51,2020-21,SCO Premiership
6,Jack Simpson,Rangers,25,D(C),5,4,383,0,0,0,6.50,2020-21,SCO Premiership
7,Callum Booth,St. Johnstone,30,M(L),18,15,1371,0,1,0,6.50,2020-21,SCO Premiership
8,Iain Vigurs,Ross County,33,DMC,25,23,1825,1,0,1,6.50,2020-21,SCO Premiership
9,Brandon Haunstrup,Kilmarnock,25,D(L),22,17,1600,0,1,0,6.49,2020-21,SCO Premiership
0,Dean Campbell,Aberdeen,20,DMC,20,12,1274,0,0,0,6.49,2020-21,SCO Premiership
1,Marc McNulty,Dundee United,29,FW,21,15,1453,2,1,1,6.49,2020-21,SCO Premiership
2,Liam Kelly,Motherwell,25,GK,13,13,1170,0,0,0,6.49,2020-21,SCO Premiership
3,Liam Grimshaw,Motherwell,26,"D(R),DMC",14,12,1069,0,0,0,6.49,2020-21,SCO Premiership
4,Djibril Diani,Livingston,23,M(CLR),4,2,213,0,0,0,6.48,2020-21,SCO Premiership
5,Oli Shaw,Ross County,23,FW,24,12,1253,6,1,1,6.48,2020-21,SCO Premiership
6,Craig Bryson,Aberdeen,35,M(C),2,1,91,0,1,0,6.48,2020-21,SCO Premiership
7,Jonathan Obika,St. Mirren,31,FW,32,20,1963,5,1,1,6.47,2020-21,SCO Premiership
8,Lewis Neilson,Dundee United,18,D(C),9,7,559,0,0,0,6.47,2020-21,SCO Premiership
9,Guy Melamed,St. Johnstone,29,FW,18,11,809,5,2,2,6.47,2020-21,SCO Premiership
0,Aaron Chapman,Motherwell,31,GK,6,4,448,0,0,0,6.47,2020-21,SCO Premiership
1,Blair Spittal,Ross County,26,M(CLR),5,4,280,0,0,0,6.47,2020-21,SCO Premiership
2,Jackson Longridge,Livingston,26,D(L),10,9,721,0,0,0,6.46,2020-21,SCO Premiership
3,Glenn Middleton,St. Johnstone,22,"AM(CLR),FW",9,3,340,2,0,1,6.46,2020-21,SCO Premiership
4,Lewis Stevenson,Hibernian,34,"D(CL),M(L)",22,11,1135,0,1,0,6.46,2020-21,SCO Premiership
5,Olivier Ntcham,Celtic,25,M(CLR),14,7,590,1,1,0,6.46,2020-21,SCO Premiership
6,Chris Cadden,Hibernian,25,"D(R),M(R)",10,8,641,0,0,0,6.46,2020-21,SCO Premiership
7,Curtis Main,Aberdeen,29,FW,14,8,708,2,0,1,6.45,2020-21,SCO Premiership
8,Harry Robinson,Motherwell,21,M(CLR),1,0,11,0,0,0,6.45,2020-21,SCO Premiership
9,Cameron MacPherson,St. Mirren,23,AM(C),27,12,1286,1,1,1,6.45,2020-21,SCO Premiership
0,Scott Robinson,Livingston,29,"AM(R),FW",26,16,1475,4,1,0,6.45,2020-21,SCO Premiership
1,Craig Sibbald,Livingston,26,M(CLR),32,29,2188,1,0,0,6.45,2020-21,SCO Premiership
2,Peter Pawlett,Dundee United,30,AM(CR),23,14,1255,1,1,1,6.44,2020-21,SCO Premiership
3,Melker Hallberg,Hibernian,26,M(CL),25,12,1092,0,2,0,6.44,2020-21,SCO Premiership
4,George Stanger,Hamilton Academical,21,D(CLR),3,1,173,0,0,0,6.44,2020-21,SCO Premiership
5,Brian Easton,Hamilton Academical,33,D(C),21,21,1757,0,1,0,6.44,2020-21,SCO Premiership
6,Jack McMillan,Livingston,24,DMC,8,4,430,0,0,0,6.44,2020-21,SCO Premiership
7,Jamie Hamilton,Hamilton Academical,19,D(C),22,16,1449,0,0,0,6.43,2020-21,SCO Premiership
8,Callum Lang,Motherwell,23,"AM(CLR),FW",17,12,1039,3,1,0,6.43,2020-21,SCO Premiership
9,Dillon Powers,Dundee United,30,M(CL),14,6,575,0,0,0,6.42,2020-21,SCO Premiership
0,Mitchell Pinnock,Kilmarnock,27,"AM(CLR),FW",25,12,1129,1,3,1,6.42,2020-21,SCO Premiership
1,Cedric Itten,Rangers,25,FW,27,5,776,4,2,0,6.42,2020-21,SCO Premiership
2,Jermaine Hylton,Ross County,29,AM(L),16,7,758,1,2,0,6.42,2020-21,SCO Premiership
3,Craig Bryson,St. Johnstone,35,M(C),20,12,1171,0,0,0,6.42,2020-21,SCO Premiership
4,Tony Andreu,Ross County,33,AM(C),6,4,321,0,0,0,6.42,2020-21,SCO Premiership
5,Harrison Paton,Ross County,23,M(CR),32,25,2106,1,3,1,6.42,2020-21,SCO Premiership
6,Youssouf Mulumbu,Kilmarnock,34,M(C),16,6,651,0,1,0,6.42,2020-21,SCO Premiership
7,Trevor Carson,Motherwell,33,GK,12,12,992,0,0,0,6.41,2020-21,SCO Premiership
8,Carl Tremarco,Ross County,36,D(L),10,6,491,0,0,0,6.41,2020-21,SCO Premiership
9,Paul McMullan,Dundee United,25,AM(LR),8,3,322,0,0,0,6.41,2020-21,SCO Premiership
0,Clévid Dikamona,Kilmarnock,31,D(C),12,10,803,0,0,0,6.41,2020-21,SCO Premiership
1,Karamoko Dembélé,Celtic,18,FW,5,0,45,1,0,0,6.40,2020-21,SCO Premiership
2,Stephen Mallan,Hibernian,25,M(C),14,4,508,1,0,0,6.40,2020-21,SCO Premiership
3,Jack MacKenzie,Aberdeen,21,D(L),6,5,474,0,0,0,6.40,2020-21,SCO Premiership
4,Lee Hodson,Hamilton Academical,30,"D(R),M(R)",29,29,2469,1,0,1,6.40,2020-21,SCO Premiership
5,Reegan Mimnaugh,Hamilton Academical,20,M(C),13,5,529,0,1,0,6.39,2020-21,SCO Premiership
6,Drey Wright,Hibernian,26,"D(R),M(CR)",20,11,943,1,1,0,6.39,2020-21,SCO Premiership
7,Zech Medley,Kilmarnock,21,D(C),7,6,576,1,0,0,6.39,2020-21,SCO Premiership
8,Stevie May,St. Johnstone,29,FW,34,17,1711,5,4,0,6.39,2020-21,SCO Premiership
9,Nathan Thomas,Hamilton Academical,27,"AM(LR),FW",6,3,250,0,0,0,6.39,2020-21,SCO Premiership
0,Rory McKenzie,Kilmarnock,28,AM(CLR),25,20,1741,2,0,0,6.39,2020-21,SCO Premiership
1,Niall McGinn,Aberdeen,34,AM(CLR),25,12,1032,0,1,0,6.39,2020-21,SCO Premiership
2,Michael Johnston,Celtic,22,AM(L),10,2,246,0,1,0,6.39,2020-21,SCO Premiership
3,Joe Lewis,Aberdeen,34,GK,35,35,3150,0,0,1,6.39,2020-21,SCO Premiership
4,James Brown,St. Johnstone,24,"D(C),M(LR)",5,4,369,0,0,0,6.39,2020-21,SCO Premiership
5,Marvin Bartley,Livingston,35,DMC,33,32,2782,1,1,0,6.38,2020-21,SCO Premiership
6,Josh Reid,Ross County,19,D(L),20,17,1527,0,0,0,6.37,2020-21,SCO Premiership
7,Lewis Smith,Hamilton Academical,21,M(CLR),5,3,317,0,0,0,6.37,2020-21,SCO Premiership
8,Billy Mckay,Ross County,33,"AM(C),FW",26,12,1145,5,0,1,6.37,2020-21,SCO Premiership
9,Kristian Dennis,St. Mirren,31,FW,12,4,379,3,1,0,6.37,2020-21,SCO Premiership
0,Kyle McAllister,St. Mirren,22,M(CLR),30,12,1169,1,4,2,6.37,2020-21,SCO Premiership
1,Junior Morias,St. Mirren,26,FW,14,7,664,0,0,0,6.37,2020-21,SCO Premiership
2,Danny Rogers,Kilmarnock,27,GK,25,24,2205,0,0,0,6.37,2020-21,SCO Premiership
3,Ryan Edmondson,Aberdeen,20,"AM(L),FW",14,3,360,2,2,1,6.36,2020-21,SCO Premiership
4,Lee Erwin,Ross County,27,FW,4,2,192,0,0,0,6.36,2020-21,SCO Premiership
5,Michael Gardyne,Ross County,35,AM(CL),26,16,1411,0,0,0,6.36,2020-21,SCO Premiership
6,Jack Hamilton,Livingston,21,FW,5,2,169,1,0,0,6.36,2020-21,SCO Premiership
7,Dylan McGeouch,Aberdeen,28,DMC,15,7,615,0,0,0,6.36,2020-21,SCO Premiership
8,Connor McLennan,Aberdeen,22,M(LR),27,13,1375,0,1,0,6.36,2020-21,SCO Premiership
9,Patryk Klimala,Celtic,23,FW,17,3,443,3,0,0,6.36,2020-21,SCO Premiership
0,Ross Draper,Ross County,33,DMC,19,11,999,2,1,0,6.35,2020-21,SCO Premiership
1,Will Collar,Hamilton Academical,24,M(C),6,5,399,0,0,0,6.35,2020-21,SCO Premiership
2,Connor Randall,Ross County,26,D(LR),15,13,928,0,0,0,6.35,2020-21,SCO Premiership
3,Elliot Parish,St. Johnstone,31,GK,9,9,810,0,0,0,6.35,2020-21,SCO Premiership
4,Sherwin Seedorf,Motherwell,23,FW,10,6,495,0,1,0,6.35,2020-21,SCO Premiership
5,Callum Smith,Hamilton Academical,22,FW,19,8,820,2,0,0,6.34,2020-21,SCO Premiership
6,Kyle Munro,Hamilton Academical,20,FW,12,5,591,2,1,0,6.34,2020-21,SCO Premiership
7,Kyle Magennis,Hibernian,23,AM(C),14,4,429,1,0,0,6.32,2020-21,SCO Premiership
8,Greg Stewart,Rangers,31,M(R),5,0,39,0,1,0,6.31,2020-21,SCO Premiership
9,Scott Wright,Rangers,24,AM(CLR),9,1,186,1,0,0,6.31,2020-21,SCO Premiership
0,Fraser Hornby,Aberdeen,22,FW,10,5,463,0,0,0,6.31,2020-21,SCO Premiership
1,Callum Hendry,Aberdeen,24,FW,12,5,534,2,0,0,6.31,2020-21,SCO Premiership
2,Logan Chalmers,Dundee United,21,AM(R),12,7,627,0,0,0,6.30,2020-21,SCO Premiership
3,Ben Stirling,Hamilton Academical,23,"D(C),DMC",19,15,1287,0,0,0,6.30,2020-21,SCO Premiership
4,Stephen McGinn,Hibernian,33,M(CLR),5,0,56,1,0,0,6.28,2020-21,SCO Premiership
5,Florian Kamberi,Aberdeen,26,FW,11,11,898,0,1,0,6.28,2020-21,SCO Premiership
6,Jordan Tillson,Ross County,28,M(CR),27,15,1269,0,1,0,6.25,2020-21,SCO Premiership
7,Ryan Flynn,St. Mirren,33,"DMC,M(R)",11,5,510,0,1,0,6.25,2020-21,SCO Premiership
8,Harry Smith,Motherwell,26,FW,5,0,84,0,0,0,6.25,2020-21,SCO Premiership
9,Bongani Zungu,Rangers,29,DMC,14,1,221,0,0,0,6.25,2020-21,SCO Premiership
0,Colin Doyle,Kilmarnock,36,GK,8,8,720,0,0,0,6.24,2020-21,SCO Premiership
1,Scott Allan,Hibernian,30,AM(C),8,3,287,0,1,0,6.24,2020-21,SCO Premiership
2,Dillon Barnes,Hibernian,25,GK,4,3,303,0,0,0,6.24,2020-21,SCO Premiership
3,Markus Fjørtoft,Hamilton Academical,28,D(CLR),2,1,94,0,0,0,6.24,2020-21,SCO Premiership
4,Louis Appéré,Dundee United,22,"AM(L),FW",17,8,815,1,1,0,6.23,2020-21,SCO Premiership
5,Nathan Sheron,St. Mirren,24,"D(CR),DMC",7,6,537,0,0,0,6.23,2020-21,SCO Premiership
6,Justin Johnson,Hamilton Academical,25,FW,5,1,134,0,0,0,6.23,2020-21,SCO Premiership
7,Daniel Whitehall,Kilmarnock,26,FW,16,5,466,2,0,0,6.22,2020-21,SCO Premiership
8,Kieran Freeman,Dundee United,21,"D(R),M(R)",3,1,107,0,0,0,6.22,2020-21,SCO Premiership
9,Eamonn Brophy,Kilmarnock,25,FW,15,8,639,2,0,0,6.21,2020-21,SCO Premiership
0,Chris Long,Motherwell,26,"AM(LR),FW",24,14,1236,3,1,0,6.21,2020-21,SCO Premiership
1,Dylan Connolly,St. Mirren,26,"M(LR),FW",26,16,1417,2,2,0,6.21,2020-21,SCO Premiership
2,Gavin Reilly,Livingston,28,FW,5,3,198,0,0,0,6.21,2020-21,SCO Premiership
3,Michael Devlin,Aberdeen,28,D(CLR),1,0,11,0,0,0,6.20,2020-21,SCO Premiership
4,Steven Bradley,Hibernian,19,FW,2,0,19,0,0,0,6.20,2020-21,SCO Premiership
5,James Gullan,Hibernian,22,FW,14,0,176,0,1,0,6.20,2020-21,SCO Premiership
6,Michael O'Halloran,St. Johnstone,31,"M(CR),FW",25,13,1090,1,1,1,6.20,2020-21,SCO Premiership
7,Funso Ojo,Aberdeen,30,"D(R),M(CR)",11,6,554,0,0,0,6.20,2020-21,SCO Premiership
8,Ísak Thorvaldsson,St. Mirren,20,M(CLR),2,0,19,0,0,0,6.20,2020-21,SCO Premiership
9,Eamonn Brophy,St. Mirren,25,FW,5,3,238,0,0,0,6.19,2020-21,SCO Premiership
0,Matej Poplatnik,Livingston,29,FW,19,5,609,0,2,0,6.19,2020-21,SCO Premiership
1,Jordan Archer,Motherwell,28,GK,4,4,360,0,0,0,6.19,2020-21,SCO Premiership
2,Robbie Crawford,Livingston,27,M(C),1,0,33,0,0,0,6.19,2020-21,SCO Premiership
3,Lars Lokotsch,Livingston,25,FW,4,2,183,0,0,0,6.19,2020-21,SCO Premiership
4,Ronan Hughes,Hamilton Academical,23,M(CLR),13,4,448,2,0,0,6.19,2020-21,SCO Premiership
5,Lee Erwin,St. Mirren,27,FW,22,13,1213,2,0,0,6.18,2020-21,SCO Premiership
6,Boli Bolingoli-Mbombo,Celtic,26,"D(L),M(L)",1,0,3,0,0,0,6.18,2020-21,SCO Premiership
7,Ross Millen,Kilmarnock,27,D(R),15,14,1278,0,1,0,6.18,2020-21,SCO Premiership
8,Collin Quaner,St. Mirren,30,"AM(R),FW",3,1,109,0,0,0,6.18,2020-21,SCO Premiership
9,Diaguely Dabo,Kilmarnock,29,M(C),6,1,118,0,0,0,6.18,2020-21,SCO Premiership
0,Callum Hendry,St. Johnstone,24,FW,16,8,693,0,0,0,6.17,2020-21,SCO Premiership
1,Cammy Smith,Dundee United,26,FW,4,0,73,0,1,0,6.17,2020-21,SCO Premiership
2,Josh Mullin,Ross County,29,AM(R),5,1,159,0,1,0,6.17,2020-21,SCO Premiership
3,Andy Winter,Hamilton Academical,19,FW,22,10,995,0,1,0,6.17,2020-21,SCO Premiership
4,Ross Doohan,Ross County,23,GK,5,5,450,0,0,0,6.16,2020-21,SCO Premiership
5,Sam Foley,Motherwell,35,"D(C),DMC",1,0,1,0,0,0,6.16,2020-21,SCO Premiership
6,Scott Tiffoney,Livingston,23,FW,12,4,399,1,1,1,6.16,2020-21,SCO Premiership
7,Aymen Souda,Livingston,28,M(CLR),2,0,30,0,0,0,6.15,2020-21,SCO Premiership
8,Ryan Shanley,Hibernian,20,FW,1,0,3,0,0,0,6.15,2020-21,SCO Premiership
9,Shay Logan,Aberdeen,33,D(CLR),12,2,435,0,0,0,6.15,2020-21,SCO Premiership
0,Jordan White,Motherwell,29,FW,18,3,505,0,0,0,6.14,2020-21,SCO Premiership
1,Zander Clark,St. Johnstone,29,GK,27,27,2430,0,0,0,6.14,2020-21,SCO Premiership
2,Max Johnston,Motherwell,18,D(CLR),2,1,112,0,0,0,6.12,2020-21,SCO Premiership
3,Regan Charles-Cook,Ross County,24,M(LR),21,9,977,0,0,0,6.12,2020-21,SCO Premiership
4,George Oakley,Kilmarnock,26,FW,4,3,262,0,0,0,6.12,2020-21,SCO Premiership
5,Brandon Mason,St. Mirren,24,"D(L),M(L)",7,5,453,0,0,0,6.12,2020-21,SCO Premiership
6,Ronald Hernández,Aberdeen,24,"D(R),M(R)",4,2,149,0,0,0,6.10,2020-21,SCO Premiership
7,Ross MacIver,Motherwell,22,FW,1,0,20,0,0,0,6.10,2020-21,SCO Premiership
8,Jermaine Hylton,Motherwell,29,AM(L),5,0,98,0,0,0,6.10,2020-21,SCO Premiership
9,Tunde Owolabi,Hamilton Academical,26,FW,7,1,219,0,0,0,6.09,2020-21,SCO Premiership
0,Miko Virtanen,Aberdeen,22,M(CLR),2,0,5,0,0,0,6.09,2020-21,SCO Premiership
1,Calvin Ramsay,Aberdeen,18,D(R),4,0,92,0,0,0,6.08,2020-21,SCO Premiership
2,Alan Lithgow,Livingston,33,D(CLR),2,1,100,0,0,0,6.06,2020-21,SCO Premiership
3,Dean Cornelius,Motherwell,20,M(C),1,0,10,0,0,0,6.06,2020-21,SCO Premiership
4,Ciaran McKenna,Hamilton Academical,23,D(CLR),1,0,20,0,0,0,6.05,2020-21,SCO Premiership
5,Jake Hastie,Motherwell,22,AM(LR),11,4,356,0,0,0,6.04,2020-21,SCO Premiership
6,John Robertson,St. Johnstone,20,FW,5,0,32,0,0,0,6.04,2020-21,SCO Premiership
7,Ewan Henderson,Celtic,21,AM(C),2,0,47,0,0,0,6.04,2020-21,SCO Premiership
8,Declan Glass,Dundee United,21,M(C),1,0,7,0,0,0,6.02,2020-21,SCO Premiership
9,Leon King,Rangers,17,D(C),1,0,4,0,0,0,6.02,2020-21,SCO Premiership
0,Michael Ruth,Aberdeen,20,FW,1,0,2,0,0,0,6.02,2020-21,SCO Premiership
1,Isaac Olaofe,St. Johnstone,22,FW,2,0,41,0,0,0,6.01,2020-21,SCO Premiership
2,Tomas Brindley,Kilmarnock,20,M(CLR),1,0,12,0,0,0,6.01,2020-21,SCO Premiership
3,Steven Lawless,Motherwell,30,AM(C),3,0,59,0,0,0,6.01,2020-21,SCO Premiership
4,Charlie Gilmour,St. Johnstone,22,M(CLR),2,1,84,0,0,0,6.01,2020-21,SCO Premiership
5,Armstrong Oko-Flex,Celtic,19,FW,2,0,39,0,0,0,6.00,2020-21,SCO Premiership
6,Dylan Reid,St. Mirren,16,M(CLR),1,0,2,0,0,0,6.00,2020-21,SCO Premiership
7,Kerr Smith,Dundee United,17,D(CLR),1,0,1,0,0,0,6.00,2020-21,SCO Premiership
8,Ethan Ross,Aberdeen,20,midfielder,2,0,6,0,0,0,6.00,2020-21,SCO Premiership
9,Alex Ferguson,St. Johnstone,18,M(CLR),1,0,7,0,0,0,5.98,2020-21,SCO Premiership
0,Lewis Jamieson,St. Mirren,19,FW,2,0,6,0,0,0,5.98,2020-21,SCO Premiership
1,Darren Watson,Dundee United,18,FW,1,0,4,0,0,0,5.97,2020-21,SCO Premiership
2,Carlo Pignatiello,Livingston,21,D(CLR),1,0,1,0,0,0,5.96,2020-21,SCO Premiership
3,Brandon Pierrick,Kilmarnock,20,FW,3,1,85,0,0,0,5.95,2020-21,SCO Premiership
4,Ryan Duncan,Aberdeen,17,M(CLR),1,0,6,0,0,0,5.95,2020-21,SCO Premiership
5,Bruce Anderson,Aberdeen,23,FW,6,1,102,0,0,0,5.95,2020-21,SCO Premiership
6,Kieran Ngwenya,Aberdeen,19,D(CLR),2,0,27,0,0,0,5.94,2020-21,SCO Premiership
7,Salim Kouider-Aissa,Livingston,25,FW,4,0,56,0,0,0,5.92,2020-21,SCO Premiership
8,Robby McCrorie,Livingston,23,GK,16,16,1440,0,0,0,5.92,2020-21,SCO Premiership
9,Matthew Wright,Ross County,19,FW,2,0,13,0,0,0,5.92,2020-21,SCO Premiership
0,Kai Fotheringham,Dundee United,18,M(CLR),1,0,45,0,0,0,5.90,2020-21,SCO Premiership
1,Cameron Harper,Celtic,20,M(R),1,1,61,0,0,0,5.88,2020-21,SCO Premiership
2,Deniz Mehmet,Dundee United,29,GK,2,2,180,0,0,0,5.75,2020-21,SCO Premiership
3,George Edmundson,Rangers,24,D(C),1,0,14,0,0,0,5.52,2020-21,SCO Premiership
4,Jake Eastwood,Kilmarnock,25,GK,1,1,46,0,0,0,4.97,2020-21,SCO Premiership
0,Ryan Christie,Celtic,27,"AM(CLR),FW",4,3,281,0,3,1,7.83,2021-22,SCO Premiership
1,James Tavernier,Rangers,31,D(R),31,31,2790,6,12,8,7.68,2021-22,SCO Premiership
2,Scott Tanser,St. Mirren,28,"D(L),M(L)",5,5,450,0,0,1,7.59,2021-22,SCO Premiership
3,David Turnbull,Celtic,23,AM(C),21,18,1651,5,5,5,7.56,2021-22,SCO Premiership
4,Jota,Celtic,23,AM(LR),24,21,1830,7,8,5,7.53,2021-22,SCO Premiership
5,Paul McGinn,Hibernian,32,D(CR),5,5,445,2,1,0,7.47,2021-22,SCO Premiership
6,Anthony Ralston,Celtic,24,D(R),23,20,1784,4,7,1,7.47,2021-22,SCO Premiership
7,Cameron Carter-Vickers,Celtic,25,D(C),28,28,2520,4,1,4,7.36,2021-22,SCO Premiership
8,Alfredo Morelos,Rangers,26,FW,26,25,2119,11,7,5,7.35,2021-22,SCO Premiership
9,Lewis Ferguson,Aberdeen,23,M(C),5,5,450,2,0,1,7.34,2021-22,SCO Premiership
0,Adam Lewis,Livingston,23,"D(L),M(L)",2,2,136,0,0,0,7.30,2021-22,SCO Premiership
1,Darren McGregor,Hibernian,37,D(C),1,1,90,0,0,0,7.30,2021-22,SCO Premiership
2,David Bates,Aberdeen,26,D(C),5,5,450,1,0,1,7.30,2021-22,SCO Premiership
3,James Scott,Hibernian,22,"AM(L),FW",5,4,343,4,1,1,7.29,2021-22,SCO Premiership
4,Joe Aribo,Rangers,26,"M(CLR),FW",31,29,2565,8,5,2,7.29,2021-22,SCO Premiership
5,Ryan Kent,Rangers,26,AM(CLR),24,24,1990,2,7,1,7.24,2021-22,SCO Premiership
6,Borna Barisic,Rangers,30,D(L),19,18,1610,0,3,1,7.24,2021-22,SCO Premiership
7,Callum Hendry,St. Johnstone,25,FW,4,4,355,1,0,2,7.21,2021-22,SCO Premiership
8,Matt O'Riley,Celtic,22,M(CR),12,6,688,3,3,1,7.20,2021-22,SCO Premiership
9,Odsonne Édouard,Celtic,24,"AM(L),FW",4,3,262,2,1,0,7.19,2021-22,SCO Premiership
0,Carl Starfelt,Celtic,27,D(C),29,29,2567,0,1,2,7.19,2021-22,SCO Premiership
1,Curtis Main,St. Mirren,30,FW,4,4,360,1,0,1,7.18,2021-22,SCO Premiership
2,Craig Halkett,Hearts,27,D(C),27,27,2327,2,0,2,7.17,2021-22,SCO Premiership
3,Jamie Robson,Dundee United,25,"D(L),M(L)",4,4,360,1,0,1,7.17,2021-22,SCO Premiership
4,Ross Graham,Dundee United,21,D(C),11,9,855,2,1,1,7.16,2021-22,SCO Premiership
5,Jack Fitzwater,Livingston,25,D(C),5,5,450,1,0,0,7.15,2021-22,SCO Premiership
6,Tony Watt,Motherwell,29,"AM(L),FW",19,18,1598,9,0,4,7.14,2021-22,SCO Premiership
7,Callum McGregor,Celtic,29,M(CR),28,28,2406,2,2,1,7.14,2021-22,SCO Premiership
8,John Souttar,Hearts,26,D(C),26,26,2267,4,0,1,7.12,2021-22,SCO Premiership
9,Conor McCarthy,St. Mirren,24,D(C),5,5,450,0,0,0,7.11,2021-22,SCO Premiership
0,Marcus Fraser,St. Mirren,28,D(CR),5,5,450,0,1,0,7.11,2021-22,SCO Premiership
1,Harry Clarke,Hibernian,21,"D(CR),M(R)",5,5,427,0,1,0,7.11,2021-22,SCO Premiership
2,Daizen Maeda,Celtic,25,"AM(LR),FW",11,10,860,5,1,1,7.09,2021-22,SCO Premiership
3,Stephen Kingsley,Hearts,28,"D(CL),M(L)",30,29,2544,6,0,2,7.08,2021-22,SCO Premiership
4,Reo Hatate,Celtic,25,DMC,13,12,847,4,2,2,7.08,2021-22,SCO Premiership
5,Joe Shaughnessy,St. Mirren,30,D(C),4,4,360,0,0,1,7.08,2021-22,SCO Premiership
6,Connor Goldson,Rangers,30,D(C),32,32,2880,3,2,1,7.07,2021-22,SCO Premiership
7,Liam Boyce,Hearts,31,"AM(C),FW",26,24,2110,9,2,2,7.07,2021-22,SCO Premiership
8,Nicky Devlin,Livingston,29,"D(R),M(R)",5,4,391,1,0,1,7.07,2021-22,SCO Premiership
9,Kyogo Furuhashi,Celtic,27,FW,15,12,964,8,0,0,7.07,2021-22,SCO Premiership
0,Jak Alnwick,St. Mirren,29,GK,5,5,450,0,0,1,7.07,2021-22,SCO Premiership
1,Jackson Longridge,Livingston,27,D(L),2,1,126,0,0,0,7.06,2021-22,SCO Premiership
2,Ryan Sweeney,Dundee FC,25,D(C),5,5,450,0,0,0,7.05,2021-22,SCO Premiership
3,Josip Juranovic,Celtic,27,D(LR),26,23,2062,3,1,1,7.04,2021-22,SCO Premiership
4,Morgan Boyes,Livingston,21,D(C),4,4,353,0,0,1,7.04,2021-22,SCO Premiership
5,Stephen Welsh,Celtic,22,D(C),9,9,775,0,1,0,7.03,2021-22,SCO Premiership
6,Greg Kiltie,St. Mirren,25,"AM(CLR),FW",4,4,344,1,0,0,7.02,2021-22,SCO Premiership
7,Charlie Mulgrew,Dundee United,36,"D(C),DMC,M(L)",26,26,2283,2,1,2,7.00,2021-22,SCO Premiership
8,Tomas Rogic,Celtic,30,AM(C),27,19,1527,6,6,1,7.00,2021-22,SCO Premiership
9,Greg Taylor,Celtic,25,"D(L),M(L)",19,17,1449,0,2,0,7.00,2021-22,SCO Premiership
0,Ianis Hagi,Rangers,24,AM(CLR),15,15,1159,2,0,0,6.99,2021-22,SCO Premiership
1,Barrie McKay,Hearts,28,"AM(CLR),FW",29,26,2285,2,9,2,6.98,2021-22,SCO Premiership
2,Cameron Devlin,Hearts,24,DMC,23,22,1812,1,2,2,6.98,2021-22,SCO Premiership
3,Robby McCrorie,Rangers,24,GK,1,1,90,0,0,0,6.98,2021-22,SCO Premiership
4,Ryan Edwards,Dundee United,29,D(C),31,31,2732,3,2,2,6.98,2021-22,SCO Premiership
5,Glen Kamara,Rangers,27,M(C),28,26,2256,3,3,0,6.96,2021-22,SCO Premiership
6,Jamie McCart,St. Johnstone,25,D(C),5,5,450,0,0,0,6.96,2021-22,SCO Premiership
7,Murray Davidson,St. Johnstone,34,M(C),4,4,345,0,0,0,6.95,2021-22,SCO Premiership
8,Andrew Shinnie,Livingston,33,"AM(CLR),FW",4,4,325,1,1,0,6.95,2021-22,SCO Premiership
9,Leon Balogun,Rangers,34,D(CR),18,15,1323,0,0,0,6.95,2021-22,SCO Premiership
0,Declan Gallagher,Aberdeen,31,D(C),5,4,382,0,1,0,6.94,2021-22,SCO Premiership
1,Blair Spittal,Ross County,27,M(CLR),29,22,2029,4,3,1,6.94,2021-22,SCO Premiership
2,Connor Barron,Aberdeen,20,DMC,5,5,445,0,0,0,6.93,2021-22,SCO Premiership
3,Craig Gordon,Hearts,40,GK,32,32,2880,0,0,3,6.93,2021-22,SCO Premiership
4,Liam Scales,Celtic,24,D(CL),5,4,328,1,1,0,6.92,2021-22,SCO Premiership
5,Shaun Rooney,St. Johnstone,26,"D(CR),M(R)",5,5,436,1,0,1,6.92,2021-22,SCO Premiership
6,Ian Harkes,Dundee United,27,M(C),28,27,2467,3,2,1,6.91,2021-22,SCO Premiership
7,Nathaniel Atkinson,Hearts,23,"D(R),M(R)",10,9,769,1,1,0,6.91,2021-22,SCO Premiership
8,Liel Abada,Celtic,21,AM(R),32,23,2053,10,6,1,6.91,2021-22,SCO Premiership
9,Ricki Lamie,Motherwell,29,D(CL),20,15,1444,2,2,1,6.91,2021-22,SCO Premiership
0,Boli Bolingoli-Mbombo,Celtic,27,"D(L),M(L)",2,2,180,0,0,0,6.90,2021-22,SCO Premiership
1,Cammy Kerr,Dundee FC,27,D(LR),5,5,449,0,0,0,6.90,2021-22,SCO Premiership
2,Niall McGinn,Dundee FC,35,AM(CLR),5,4,354,1,0,1,6.88,2021-22,SCO Premiership
3,Fashion Sakala,Rangers,25,"AM(LR),FW",26,10,1169,7,1,2,6.88,2021-22,SCO Premiership
4,Tony Watt,Dundee United,29,"AM(L),FW",12,11,914,1,1,1,6.87,2021-22,SCO Premiership
5,Alexandros Gogic,St. Mirren,28,"D(C),DMC",4,4,360,0,0,1,6.87,2021-22,SCO Premiership
6,Ellis Simms,Hearts,22,FW,12,9,906,3,0,0,6.86,2021-22,SCO Premiership
7,Josh Mulligan,Dundee FC,20,M(C),5,2,256,2,0,1,6.86,2021-22,SCO Premiership
8,Liam Smith,Dundee United,26,"D(CR),M(R)",15,14,1249,2,0,1,6.85,2021-22,SCO Premiership
9,Giorgos Giakoumakis,Celtic,28,FW,16,10,862,9,1,2,6.85,2021-22,SCO Premiership
0,Paul Hanlon,Hibernian,32,D(C),3,3,268,0,0,0,6.85,2021-22,SCO Premiership
1,Matt Macey,Hibernian,28,GK,5,5,450,0,0,0,6.84,2021-22,SCO Premiership
2,Juhani Ojala,Motherwell,33,D(C),17,14,1157,1,1,1,6.84,2021-22,SCO Premiership
3,Ewan Henderson,Hibernian,22,AM(C),5,5,407,1,0,0,6.84,2021-22,SCO Premiership
4,Harry Clarke,Ross County,21,"D(CR),M(R)",17,15,1419,3,2,2,6.84,2021-22,SCO Premiership
5,Lewis Stevenson,Hibernian,35,"D(CL),M(L)",5,4,353,0,0,0,6.84,2021-22,SCO Premiership
6,Ross Laidlaw,Ross County,30,GK,16,16,1440,0,0,0,6.83,2021-22,SCO Premiership
7,Michael Smith,Hearts,34,"D(R),M(R)",18,18,1454,2,1,1,6.83,2021-22,SCO Premiership
8,Beni Baningime,Hearts,24,DMC,24,23,1997,1,1,0,6.83,2021-22,SCO Premiership
9,James Brown,St. Johnstone,25,"D(C),M(LR)",2,1,122,0,1,0,6.83,2021-22,SCO Premiership
0,Jordan McGhee,Dundee FC,26,"D(C),DMC",5,5,450,0,0,0,6.83,2021-22,SCO Premiership
1,Jack Baldwin,Ross County,29,"D(C),DMC",27,24,2232,2,1,3,6.83,2021-22,SCO Premiership
2,Jason Holt,Livingston,29,M(C),4,4,343,1,0,0,6.82,2021-22,SCO Premiership
3,Jake Doyle-Hayes,Hibernian,24,DMC,4,3,286,0,0,0,6.82,2021-22,SCO Premiership
4,Scott McMann,Dundee United,26,"D(CL),M(L)",24,21,1846,0,2,2,6.82,2021-22,SCO Premiership
5,Joe Newell,Hibernian,29,M(CL),5,5,450,0,1,0,6.81,2021-22,SCO Premiership
6,Jordan Marshall,Dundee FC,26,D(L),5,5,436,1,1,0,6.81,2021-22,SCO Premiership
7,Dylan Levitt,Dundee United,22,DMC,20,18,1581,2,1,2,6.81,2021-22,SCO Premiership
8,Calvin Ramsay,Aberdeen,19,D(R),2,1,94,0,0,0,6.80,2021-22,SCO Premiership
9,Ryan Porteous,Hibernian,23,D(C),3,3,241,0,0,0,6.80,2021-22,SCO Premiership
0,Calvin Bassey,Rangers,23,D(CL),26,26,2340,0,2,0,6.79,2021-22,SCO Premiership
1,Odin Bailey,Livingston,23,"AM(CLR),FW",5,4,333,0,1,0,6.78,2021-22,SCO Premiership
2,Josh Doig,Hibernian,20,"D(CL),M(L)",5,4,429,0,1,0,6.78,2021-22,SCO Premiership
3,Max Stryjek,Livingston,26,GK,2,2,165,0,0,0,6.77,2021-22,SCO Premiership
4,Regan Charles-Cook,Ross County,25,M(LR),32,32,2640,13,2,1,6.76,2021-22,SCO Premiership
5,Kemar Roofe,Rangers,30,"AM(CLR),FW",21,9,997,10,1,1,6.76,2021-22,SCO Premiership
6,Calum Butcher,Dundee United,31,"D(C),DMC",17,14,1257,0,0,0,6.75,2021-22,SCO Premiership
7,Kevin van Veen,Motherwell,31,"AM(L),FW",29,24,2171,8,4,3,6.75,2021-22,SCO Premiership
8,Alex Iacovitti,Ross County,25,D(CL),27,27,2332,2,2,1,6.74,2021-22,SCO Premiership
9,Sean Kelly,Livingston,29,"D(C),DMC",4,4,325,0,0,0,6.73,2021-22,SCO Premiership
0,Bevis Mugabi,Motherwell,27,D(CR),27,26,2403,2,1,0,6.73,2021-22,SCO Premiership
1,Ethan Erhahon,St. Mirren,21,DMC,4,4,312,0,0,0,6.73,2021-22,SCO Premiership
2,Jordan White,Ross County,30,FW,33,27,2498,4,6,2,6.72,2021-22,SCO Premiership
3,Glenn Middleton,St. Johnstone,23,"AM(CLR),FW",4,2,232,1,1,0,6.72,2021-22,SCO Premiership
4,Joe Lewis,Aberdeen,35,GK,5,5,450,0,0,0,6.72,2021-22,SCO Premiership
5,Dean Cornelius,Motherwell,21,M(C),8,7,613,2,0,0,6.71,2021-22,SCO Premiership
6,Alex Lowry,Rangers,19,M(CLR),1,1,90,0,0,0,6.71,2021-22,SCO Premiership
7,Scott Wright,Rangers,25,AM(CLR),15,6,698,2,1,1,6.71,2021-22,SCO Premiership
8,Sean Goss,Motherwell,27,M(C),24,21,1880,1,4,1,6.71,2021-22,SCO Premiership
9,Kevin McDonald,Dundee United,34,M(C),6,5,453,0,0,0,6.70,2021-22,SCO Premiership
0,Aaron Ramsey,Rangers,32,M(CLR),5,3,225,2,0,0,6.69,2021-22,SCO Premiership
1,Trevor Carson,Dundee United,34,GK,4,4,360,0,0,0,6.69,2021-22,SCO Premiership
2,Sondre Johansen,Motherwell,27,D(C),22,21,1809,0,1,1,6.68,2021-22,SCO Premiership
3,Steven Davis,Rangers,38,M(CLR),13,9,872,0,1,0,6.68,2021-22,SCO Premiership
4,Melker Hallberg,St. Johnstone,27,M(CL),4,4,355,0,1,0,6.68,2021-22,SCO Premiership
5,John Lundstram,Rangers,28,"D(C),DMC",25,16,1375,1,0,0,6.67,2021-22,SCO Premiership
6,Jack MacKenzie,Aberdeen,22,D(L),5,5,435,0,0,0,6.67,2021-22,SCO Premiership
7,Benjamin Siegrist,Dundee United,30,GK,29,29,2610,0,0,1,6.66,2021-22,SCO Premiership
8,Dante Polvara,Aberdeen,22,M(CLR),3,3,181,0,0,0,6.66,2021-22,SCO Premiership
9,Mark Connolly,Dundee United,31,D(C),1,0,12,0,0,0,6.66,2021-22,SCO Premiership
0,Joe Hart,Celtic,35,GK,30,30,2700,0,0,0,6.65,2021-22,SCO Premiership
1,Charlie Adam,Dundee FC,37,M(C),5,3,246,1,0,0,6.65,2021-22,SCO Premiership
2,Joel Nouble,Livingston,26,"AM(L),FW",5,4,391,0,0,0,6.65,2021-22,SCO Premiership
3,Andrew Halliday,Hearts,31,"D(L),DMC,M(L)",24,14,1356,4,0,1,6.65,2021-22,SCO Premiership
4,Callum Slattery,Motherwell,23,M(C),26,23,1991,2,0,0,6.65,2021-22,SCO Premiership
5,Tim Akinola,Dundee United,21,M(CLR),1,1,46,0,0,0,6.64,2021-22,SCO Premiership
6,Joseph Hungbo,Ross County,22,AM(R),28,19,1575,7,3,0,6.64,2021-22,SCO Premiership
7,Kaiyne Woolery,Motherwell,28,"AM(LR),FW",29,23,2021,2,3,1,6.63,2021-22,SCO Premiership
8,Alex Cochrane,Hearts,22,"D(CL),M(L)",26,20,1921,2,1,1,6.63,2021-22,SCO Premiership
9,Nathan McGinley,Motherwell,26,"D(CL),M(L)",24,22,1988,0,0,0,6.63,2021-22,SCO Premiership
0,Nir Bitton,Celtic,31,"D(C),DMC",22,11,1195,1,1,0,6.63,2021-22,SCO Premiership
1,Ivan Konovalov,Livingston,28,GK,3,3,270,0,0,0,6.62,2021-22,SCO Premiership
2,Alan Forrest,Livingston,26,M(CLR),4,1,144,1,1,0,6.62,2021-22,SCO Premiership
3,Liam Gordon,St. Johnstone,26,D(C),5,4,374,0,0,0,6.62,2021-22,SCO Premiership
4,Max Anderson,Dundee FC,21,DMC,5,4,332,0,0,0,6.62,2021-22,SCO Premiership
5,Connor Ronan,St. Mirren,24,M(CL),2,2,180,0,0,0,6.62,2021-22,SCO Premiership
6,Connor Randall,Ross County,27,D(LR),25,23,2063,0,1,1,6.61,2021-22,SCO Premiership
7,Ayo Obileye,Livingston,28,D(C),4,3,279,0,0,0,6.61,2021-22,SCO Premiership
8,Ross Callachan,Ross County,29,M(C),31,29,2569,4,1,2,6.61,2021-22,SCO Premiership
9,Jake Carroll,Motherwell,31,"D(CL),M(L)",20,14,1240,0,4,0,6.61,2021-22,SCO Premiership
0,Andrew Considine,Aberdeen,35,D(C),2,1,49,0,0,0,6.61,2021-22,SCO Premiership
1,Michael Johnston,Celtic,23,AM(L),12,3,443,0,0,0,6.61,2021-22,SCO Premiership
2,Steven Lawless,Motherwell,31,AM(C),2,0,25,0,1,0,6.61,2021-22,SCO Premiership
3,Alex Greive,St. Mirren,23,FW,5,4,401,1,1,0,6.60,2021-22,SCO Premiership
4,Juninho Bacuna,Rangers,25,"D(R),M(CLR)",6,1,159,1,1,0,6.60,2021-22,SCO Premiership
5,Rocky Bushiri,Hibernian,23,D(C),2,1,92,0,0,0,6.60,2021-22,SCO Premiership
6,Scott Bain,Celtic,31,GK,2,2,180,0,0,0,6.60,2021-22,SCO Premiership
7,Mark O'Hara,Motherwell,27,"D(C),DMC",15,12,1101,1,0,1,6.59,2021-22,SCO Premiership
8,Jeando Fuchs,Dundee United,25,DMC,18,16,1444,0,0,1,6.59,2021-22,SCO Premiership
9,James Sands,Rangers,22,"D(C),DMC",4,3,258,0,0,0,6.59,2021-22,SCO Premiership
0,Scott Arfield,Rangers,34,M(CLR),24,14,1324,4,0,0,6.59,2021-22,SCO Premiership
1,Daniel Cleary,St. Johnstone,26,D(C),4,4,316,0,0,0,6.59,2021-22,SCO Premiership
2,Ashley Maynard-Brewer,Ross County,23,GK,17,17,1530,0,0,1,6.58,2021-22,SCO Premiership
3,Jack Simpson,Rangers,26,D(C),3,1,115,0,1,0,6.58,2021-22,SCO Premiership
4,Ilmari Niskanen,Dundee United,25,M(LR),28,23,2025,1,4,0,6.58,2021-22,SCO Premiership
5,Filip Helander,Rangers,29,D(C),6,6,422,1,0,1,6.57,2021-22,SCO Premiership
6,Jacob Butterfield,St. Johnstone,32,M(CR),2,2,166,0,0,0,6.57,2021-22,SCO Premiership
7,Ian Lawlor,Dundee FC,28,GK,1,1,90,0,0,0,6.56,2021-22,SCO Premiership
8,Jonny Hayes,Aberdeen,35,"D(L),M(LR)",5,4,354,0,0,0,6.55,2021-22,SCO Premiership
9,Jon McLaughlin,Rangers,35,GK,6,6,540,0,0,1,6.55,2021-22,SCO Premiership
0,Peter Haring,Hearts,29,DMC,26,15,1590,0,2,0,6.55,2021-22,SCO Premiership
1,Ryan Jack,Rangers,30,DMC,8,4,397,0,0,0,6.55,2021-22,SCO Premiership
2,Taylor Moore,Hearts,25,"D(CR),DMC,M(R)",18,12,1193,0,1,0,6.54,2021-22,SCO Premiership
3,Scott Pittman,Livingston,30,M(C),5,4,372,1,0,0,6.54,2021-22,SCO Premiership
4,Richard Tait,St. Mirren,33,"D(LR),M(LR)",4,4,242,0,0,0,6.54,2021-22,SCO Premiership
5,Harrison Paton,Ross County,24,M(CR),28,22,1847,0,3,0,6.53,2021-22,SCO Premiership
6,Adrián Spörle,Dundee United,27,"D(L),M(L)",13,6,715,0,0,0,6.53,2021-22,SCO Premiership
7,Nicky Clark,Dundee United,31,"AM(C),FW",32,23,2141,6,2,0,6.53,2021-22,SCO Premiership
8,James Forrest,Celtic,31,M(LR),16,8,726,1,1,0,6.53,2021-22,SCO Premiership
9,Jordan Tillson,Ross County,29,M(CR),28,25,2221,0,0,0,6.53,2021-22,SCO Premiership
0,Nathan Patterson,Rangers,21,"D(R),M(R)",6,2,231,0,1,0,6.53,2021-22,SCO Premiership
1,Shaun Byrne,Dundee FC,29,DMC,4,3,249,0,0,0,6.52,2021-22,SCO Premiership
2,Harrison Sharp,Dundee FC,21,GK,4,4,360,0,0,0,6.52,2021-22,SCO Premiership
3,Jake Vokins,Ross County,22,D(L),15,14,1303,0,0,0,6.51,2021-22,SCO Premiership
4,Jamie Walker,Hearts,29,AM(C),4,0,107,1,0,0,6.51,2021-22,SCO Premiership
5,Peter Pawlett,Dundee United,31,AM(CR),22,19,1653,2,0,0,6.51,2021-22,SCO Premiership
6,Leon King,Rangers,18,D(C),1,0,45,0,0,0,6.50,2021-22,SCO Premiership
7,Declan Glass,Dundee United,22,M(C),10,6,435,1,1,0,6.50,2021-22,SCO Premiership
8,Callum Booth,St. Johnstone,31,M(L),3,3,238,0,0,0,6.50,2021-22,SCO Premiership
9,Liam Kelly,Motherwell,26,GK,33,33,2970,0,0,1,6.49,2021-22,SCO Premiership
0,Alan Power,St. Mirren,34,DMC,4,2,201,0,0,0,6.49,2021-22,SCO Premiership
1,Coll Donaldson,Ross County,27,D(C),2,2,136,0,0,0,6.49,2021-22,SCO Premiership
2,Allan McGregor,Rangers,40,GK,26,26,2340,0,0,1,6.47,2021-22,SCO Premiership
3,Alister Crawford,St. Johnstone,31,AM(C),2,2,124,0,0,0,6.47,2021-22,SCO Premiership
4,Albian Ajeti,Celtic,25,FW,7,3,300,2,0,0,6.47,2021-22,SCO Premiership
5,David Cancola,Ross County,26,DMC,14,10,726,1,0,0,6.47,2021-22,SCO Premiership
6,Adam Montgomery,Celtic,20,"D(L),M(L)",8,2,337,0,1,0,6.47,2021-22,SCO Premiership
7,Matthew Millar,St. Mirren,26,M(R),1,0,39,0,0,0,6.46,2021-22,SCO Premiership
8,Justin Amaluzor,Motherwell,26,FW,9,2,251,0,1,0,6.46,2021-22,SCO Premiership
9,Gary Mackay-Steven,Hearts,32,M(LR),27,15,1152,2,4,0,6.46,2021-22,SCO Premiership
0,Matthew Wright,Ross County,20,FW,2,0,14,1,0,0,6.46,2021-22,SCO Premiership
1,Ben Woodburn,Hearts,23,AM(CL),24,14,1106,3,1,1,6.44,2021-22,SCO Premiership
2,Vicente Besuijen,Aberdeen,21,AM(CLR),5,5,450,0,0,0,6.43,2021-22,SCO Premiership
3,Caleb Chukwuemeka,Livingston,20,FW,2,1,76,0,0,0,6.43,2021-22,SCO Premiership
4,Barry Maguire,Motherwell,24,DMC,13,11,922,0,0,1,6.42,2021-22,SCO Premiership
5,Craig Moore,Dundee United,17,M(CLR),1,1,70,0,0,0,6.42,2021-22,SCO Premiership
6,Armand Gnanduillet,Hearts,30,FW,14,3,460,1,0,0,6.42,2021-22,SCO Premiership
7,Keith Watson,Ross County,33,D(CR),20,10,1035,0,0,0,6.42,2021-22,SCO Premiership
8,James McCarthy,Celtic,32,M(C),9,4,354,0,0,0,6.40,2021-22,SCO Premiership
9,Aaron McEneff,Hearts,27,M(CLR),13,6,504,1,0,0,6.40,2021-22,SCO Premiership
0,Gary Maley,Livingston,40,GK,1,0,16,0,0,0,6.39,2021-22,SCO Premiership
1,Marley Watkins,Aberdeen,32,"AM(LR),FW",4,4,300,0,0,0,6.39,2021-22,SCO Premiership
2,Luke McCowan,Dundee FC,25,AM(LR),5,1,194,0,1,0,6.38,2021-22,SCO Premiership
3,Liam Shaw,Motherwell,21,DMC,5,2,182,0,0,0,6.38,2021-22,SCO Premiership
4,Liam Donnelly,Motherwell,26,DMC,19,14,1272,0,0,0,6.38,2021-22,SCO Premiership
5,Kieran Freeman,Dundee United,22,"D(R),M(R)",20,15,1276,1,1,0,6.37,2021-22,SCO Premiership
6,Declan Drysdale,Ross County,23,"D(C),DMC",4,2,188,0,0,0,6.37,2021-22,SCO Premiership
7,Christian Ramírez,Aberdeen,31,FW,3,1,114,0,0,0,6.37,2021-22,SCO Premiership
8,Florent Hoti,Dundee United,22,M(CLR),5,2,267,0,0,0,6.37,2021-22,SCO Premiership
9,Stéphane Oméonga,Livingston,26,M(C),2,1,107,0,0,0,6.37,2021-22,SCO Premiership
0,Archie Meekison,Dundee United,20,M(C),4,3,263,0,0,0,6.35,2021-22,SCO Premiership
1,Toby Sibbick,Hearts,23,"D(CR),DMC",9,6,621,0,0,0,6.35,2021-22,SCO Premiership
2,Jordan Roberts,Motherwell,29,"AM(CLR),FW",18,7,724,2,0,0,6.34,2021-22,SCO Premiership
3,Stephen O'Donnell,Motherwell,30,"D(LR),M(R)",25,23,2089,0,0,0,6.34,2021-22,SCO Premiership
4,Paul McGowan,Dundee FC,35,AM(CL),3,3,231,0,1,0,6.33,2021-22,SCO Premiership
5,Matthew Kennedy,Aberdeen,28,M(CLR),2,0,35,0,0,0,6.32,2021-22,SCO Premiership
6,Liam Grimshaw,Motherwell,27,"D(R),DMC",14,10,817,1,0,0,6.32,2021-22,SCO Premiership
7,Amad Diallo,Rangers,20,AM(R),5,2,161,1,0,0,6.32,2021-22,SCO Premiership
8,Lewis Neilson,Dundee United,19,D(C),4,3,294,0,0,0,6.31,2021-22,SCO Premiership
9,Zander Clark,St. Johnstone,30,GK,4,4,360,0,0,0,6.30,2021-22,SCO Premiership
0,Louis Appéré,Dundee United,23,"AM(L),FW",13,4,452,1,0,0,6.30,2021-22,SCO Premiership
1,Marc McNulty,Dundee United,30,FW,17,15,1329,2,0,0,6.29,2021-22,SCO Premiership
2,Dominic Samuel,Ross County,28,"AM(CR),FW",24,8,925,1,0,0,6.28,2021-22,SCO Premiership
3,Jacob Blaney,Hibernian,18,D(CLR),1,0,5,0,0,0,6.28,2021-22,SCO Premiership
4,Ryan Flynn,St. Mirren,34,"DMC,M(R)",5,1,114,0,0,0,6.28,2021-22,SCO Premiership
5,Logan Chalmers,Dundee United,22,AM(R),5,2,176,0,0,0,6.28,2021-22,SCO Premiership
6,Josh Ginnelly,Hearts,25,"AM(R),FW",26,12,1193,3,2,0,6.28,2021-22,SCO Premiership
7,Oli Shaw,Ross County,24,FW,1,0,25,0,0,0,6.27,2021-22,SCO Premiership
8,Oscar MacIntyre,Hibernian,18,D(CLR),1,0,13,0,0,0,6.27,2021-22,SCO Premiership
9,Cameron MacPherson,St. Johnstone,24,AM(C),5,2,241,0,0,0,6.27,2021-22,SCO Premiership
0,Jack Burroughs,Ross County,21,M(CLR),16,6,669,0,0,0,6.27,2021-22,SCO Premiership
1,Kayne Ramsay,Ross County,22,"D(R),M(R)",8,5,388,1,0,0,6.27,2021-22,SCO Premiership
2,John Mahon,St. Johnstone,23,D(CLR),1,1,57,0,0,0,6.26,2021-22,SCO Premiership
3,Jordan Jones,St. Mirren,28,AM(CLR),1,0,5,0,0,0,6.26,2021-22,SCO Premiership
4,Ismaila Soro,Celtic,24,DMC,8,1,224,0,0,0,6.25,2021-22,SCO Premiership
5,Ben Paton,Ross County,22,M(CLR),8,5,514,0,0,0,6.25,2021-22,SCO Premiership
6,Ross Tierney,Motherwell,21,AM(C),9,2,330,1,0,0,6.24,2021-22,SCO Premiership
7,Connor Shields,Motherwell,25,"AM(LR),FW",20,12,1026,2,2,1,6.23,2021-22,SCO Premiership
8,Darren Watson,Dundee United,19,FW,6,2,233,0,0,0,6.22,2021-22,SCO Premiership
9,Joseph Efford,Motherwell,26,"AM(LR),FW",9,7,598,1,1,0,6.22,2021-22,SCO Premiership
0,Chris Mochrie,Dundee United,19,M(CLR),6,3,273,0,0,0,6.21,2021-22,SCO Premiership
1,Chris Cadden,Hibernian,26,"D(R),M(R)",1,1,21,0,0,0,6.21,2021-22,SCO Premiership
2,Yosuke Ideguchi,Celtic,26,M(C),2,0,19,0,0,0,6.21,2021-22,SCO Premiership
3,Murray Aiken,Hibernian,18,M(CLR),1,0,23,0,0,0,6.20,2021-22,SCO Premiership
4,Daniel Mullen,Dundee FC,27,FW,4,3,296,0,0,0,6.20,2021-22,SCO Premiership
5,Owen Moffat,Celtic,21,M(CLR),2,1,88,0,0,0,6.20,2021-22,SCO Premiership
6,Nadir Çiftçi,St. Johnstone,30,"AM(R),FW",3,3,246,0,0,0,6.19,2021-22,SCO Premiership
7,Paul McMullan,Dundee FC,26,AM(LR),5,4,278,0,0,0,6.18,2021-22,SCO Premiership
8,Elias Melkersen,Hibernian,20,FW,5,4,323,0,1,0,6.17,2021-22,SCO Premiership
9,Teddy Jenks,Aberdeen,20,AM(C),2,0,32,0,0,0,6.17,2021-22,SCO Premiership
0,Stevie May,St. Johnstone,30,FW,3,1,94,0,0,0,6.16,2021-22,SCO Premiership
1,Adam Montgomery,Aberdeen,20,"D(L),M(L)",3,1,84,0,0,0,6.15,2021-22,SCO Premiership
2,Cedric Itten,Rangers,26,FW,4,2,130,0,0,0,6.15,2021-22,SCO Premiership
3,Alex Samuel,Ross County,27,FW,5,3,190,0,0,0,6.14,2021-22,SCO Premiership
4,Vasilios Barkas,Celtic,28,GK,1,1,90,0,0,0,6.14,2021-22,SCO Premiership
5,Vontae Campbell,Dundee FC,21,D(R),2,0,15,0,0,0,6.14,2021-22,SCO Premiership
6,Tom Sang,St. Johnstone,23,"D(R),M(R)",3,2,195,0,0,0,6.14,2021-22,SCO Premiership
7,Funso Ojo,Aberdeen,31,"D(R),M(CR)",4,2,235,0,0,0,6.13,2021-22,SCO Premiership
8,Zak Rudden,Dundee FC,22,FW,5,3,266,0,0,0,6.13,2021-22,SCO Premiership
9,Cristian Montaño,Livingston,31,"D(L),M(L)",2,1,76,0,0,0,6.13,2021-22,SCO Premiership
0,Allan Delferriere,Hibernian,20,D(CLR),1,0,5,0,0,0,6.12,2021-22,SCO Premiership
1,Josh Campbell,Hibernian,22,AM(C),3,2,145,0,0,0,6.12,2021-22,SCO Premiership
2,Ross McCrorie,Aberdeen,24,"D(CR),DMC",3,3,258,0,0,0,6.12,2021-22,SCO Premiership
3,Alex Robertson,Ross County,19,M(CLR),3,0,74,0,0,0,6.11,2021-22,SCO Premiership
4,Joey Dawson,Celtic,19,FW,1,0,76,0,0,0,6.10,2021-22,SCO Premiership
5,Liam Harvey,Aberdeen,17,M(CLR),2,0,47,0,0,0,6.10,2021-22,SCO Premiership
6,Miller Thomson,Dundee United,18,M(CLR),1,1,46,0,0,0,6.10,2021-22,SCO Premiership
7,Robbie Hamilton,Hibernian,18,M(CLR),1,0,14,0,0,0,6.09,2021-22,SCO Premiership
8,Kerr Smith,Dundee United,18,D(CLR),5,3,288,0,0,0,6.09,2021-22,SCO Premiership
9,Theo Bair,St. Johnstone,23,"AM(R),FW",2,0,21,0,0,0,6.09,2021-22,SCO Premiership
0,Craig Sibbald,Livingston,27,M(CLR),3,1,84,0,0,0,6.08,2021-22,SCO Premiership
1,Liam Shaw,Celtic,21,DMC,1,0,10,0,0,0,6.08,2021-22,SCO Premiership
2,Eamonn Brophy,St. Mirren,26,FW,4,1,90,0,0,0,6.07,2021-22,SCO Premiership
3,Euan Henderson,Hearts,22,FW,2,0,2,0,0,0,6.07,2021-22,SCO Premiership
4,Ben Doak,Celtic,17,FW,2,0,24,0,0,0,6.06,2021-22,SCO Premiership
5,Jack McMillan,Livingston,25,DMC,2,1,85,0,0,0,6.06,2021-22,SCO Premiership
6,Dylan McGeouch,Aberdeen,29,DMC,1,0,5,0,0,0,6.05,2021-22,SCO Premiership
7,Demetri Mitchell,Hibernian,26,"D(L),M(LR)",1,0,9,0,0,0,6.04,2021-22,SCO Premiership
8,Maxime Biamou,Dundee United,32,FW,3,0,55,0,0,0,6.04,2021-22,SCO Premiership
9,Jermain Defoe,Rangers,40,"AM(R),FW",2,0,9,0,0,0,6.04,2021-22,SCO Premiership
0,Liam Craig,St. Johnstone,36,DMC,2,0,15,0,0,0,6.04,2021-22,SCO Premiership
1,Jay Henderson,St. Mirren,20,AM(R),4,1,145,0,0,0,6.02,2021-22,SCO Premiership
2,Mathew Anim Cudjoe,Dundee United,19,M(CLR),1,0,11,0,0,0,6.02,2021-22,SCO Premiership
3,Sebastian Soto,Livingston,22,FW,5,1,102,0,0,0,6.02,2021-22,SCO Premiership
4,Adam Mackinnon,Ross County,19,M(CLR),1,0,1,0,0,0,6.00,2021-22,SCO Premiership
5,Aiden Gilmartin,St. Mirren,17,FW,1,0,1,0,0,0,6.00,2021-22,SCO Premiership
6,Darragh O'Connor,Motherwell,23,D(CLR),1,0,1,0,0,0,6.00,2021-22,SCO Premiership
7,Liam Fontaine,Dundee FC,37,D(C),1,0,1,0,0,0,6.00,2021-22,SCO Premiership
8,MaKenzie Kirk,Hearts,18,FW,1,0,1,0,0,0,6.00,2021-22,SCO Premiership
9,Rory Macleod,Dundee United,16,FW,2,0,2,0,0,0,6.00,2021-22,SCO Premiership
0,Sylvester Jasper,Hibernian,21,AM(LR),4,0,90,0,0,0,5.99,2021-22,SCO Premiership
1,Victor Nirennold,Motherwell,31,D(CLR),1,0,9,0,0,0,5.93,2021-22,SCO Premiership
2,Chris Mueller,Hibernian,26,"AM(CLR),FW",1,0,21,0,0,0,5.92,2021-22,SCO Premiership
3,Connor McLennan,Aberdeen,23,M(LR),1,0,24,0,0,0,5.91,2021-22,SCO Premiership
4,Ross Stewart,Hearts,27,GK,1,1,90,0,0,0,5.91,2021-22,SCO Premiership
5,Karamoko Dembélé,Celtic,19,FW,1,0,6,0,0,0,5.84,2021-22,SCO Premiership
6,Michael O'Halloran,St. Johnstone,32,"M(CR),FW",1,0,33,0,0,0,5.84,2021-22,SCO Premiership
7,Charlie Gilmour,St. Johnstone,23,M(CLR),1,1,90,0,0,0,5.81,2021-22,SCO Premiership
8,Mark Reynolds,Dundee United,35,D(C),1,1,58,0,0,0,5.81,2021-22,SCO Premiership
9,Michael Ruth,Aberdeen,21,FW,1,1,66,0,0,0,5.74,2021-22,SCO Premiership
0,Lawrence Shankland,Dundee United,27,FW,1,1,80,0,0,0,5.57,2021-22,SCO Premiership
1,Elliot Parish,St. Johnstone,32,GK,1,1,90,0,0,0,5.39,2021-22,SCO Premiership
